<?xml version="1.0" encoding="UTF-8"?>
<beans xmlns="http://www.springframework.org/schema/beans"
       xmlns:xsi="http://www.w3.org/2001/XMLSchema-instance"
       xmlns:context="http://www.springframework.org/schema/context"
       xmlns:mvc="http://www.springframework.org/schema/cache"
       xsi:schemaLocation="http://www.springframework.org/schema/beans
	    http://www.springframework.org/schema/beans/spring-beans-2.5.xsd
        http://www.springframework.org/schema/context
        http://www.springframework.org/schema/context/spring-context.xsd
        http://www.springframework.org/schema/mvc
        http://www.springframework.org/schema/mvc/spring-mvc.xsd">
    <!--激活@Required@Resource等标注-->
    <context:annotation-config/>
    <!--DispatcherServlet上下文,只搜索@Controller标注的类,不扫描其它类型的bean-->
    <context:component-scan base-package="cn.Spring.helloMVC">
        <context:include-filter type="annotation"
                                expression="org.springframework.stereotype.Controller" />
    </context:component-scan>
    <!-- 扩充了注解驱动，可以将请求参数绑定到控制器参数 -->
    <mvc:annotation-driven />
    <!-- 配置ViewResolver。 可以用多个ViewResolver。 使用order属性排序。 InternalResourceViewResolver放在最后。 -->
    <bean
            class="org.springframework.web.servlet.view.ContentNegotiatingViewResolver">
        <property name="order" value="1" />
        <property name="mediaTypes">
            <map>
                <entry key="json" value="application/json" />
                <entry key="xml" value="application/xml" />
                <entry key="htm" value="text/html" />
            </map>
        </property>

        <property name="defaultViews">
            <list>
                <!-- JSON View -->
                <bean
                        class="org.springframework.web.servlet.view.json.MappingJackson2JsonView">
                </bean>
            </list>
        </property>
        <property name="ignoreAcceptHeader" value="true" />
    </bean>

    <bean
            class="org.springframework.web.servlet.view.InternalResourceViewResolver">
        <property name="viewClass"
                  value="org.springframework.web.servlet.view.JstlView" />
        <property name="prefix" value="/WEB-INF/jsps/" />
        <property name="suffix" value=".jsp" />
    </bean>

</beans>